model,threshold,precision,recall,f1,f2,balanced_accuracy,predicted_positive_count,true_positive,false_positive,true_negative,false_negative
random_forest,0.010000,0.134088,0.949367,0.234987,0.428408,0.867261,1678,225,1453,5310,12
random_forest,0.020000,0.182500,0.924051,0.304802,0.509777,0.889498,1200,219,981,5782,18
random_forest,0.030000,0.220871,0.919831,0.356209,0.563307,0.903062,987,218,769,5994,19
random_forest,0.040000,0.248568,0.915612,0.390991,0.595826,0.909307,873,217,656,6107,20
random_forest,0.050000,0.279739,0.902954,0.427146,0.624635,0.910740,765,214,551,6212,23
random_forest,0.060000,0.308480,0.890295,0.458198,0.646446,0.910178,684,211,473,6290,26
random_forest,0.070000,0.334944,0.877637,0.484848,0.662843,0.908285,621,208,413,6350,29
random_forest,0.080000,0.360771,0.869198,0.509901,0.678078,0.907614,571,206,365,6398,31
random_forest,0.090000,0.380863,0.856540,0.527273,0.685348,0.903873,533,203,330,6433,34
random_forest,0.100000,0.405242,0.848101,0.548431,0.695983,0.902241,496,201,295,6468,36
random_forest,0.110000,0.436009,0.848101,0.575931,0.713272,0.904828,461,201,260,6503,36
random_forest,0.120000,0.461717,0.839662,0.595808,0.721537,0.902679,431,199,232,6531,38
random_forest,0.130000,0.477108,0.835443,0.607362,0.726339,0.901678,415,198,217,6546,39
random_forest,0.140000,0.496203,0.827004,0.620253,0.729710,0.898790,395,196,199,6564,41
random_forest,0.150000,0.511936,0.814346,0.628664,0.728302,0.893570,377,193,184,6579,44
random_forest,0.160000,0.529412,0.797468,0.636364,0.724138,0.886314,357,189,168,6595,48
random_forest,0.170000,0.546512,0.793249,0.647160,0.727554,0.885091,344,188,156,6607,49
random_forest,0.180000,0.548193,0.767932,0.639719,0.710938,0.872876,332,182,150,6613,55
random_forest,0.190000,0.566038,0.759494,0.648649,0.710900,0.869544,318,180,138,6625,57
random_forest,0.200000,0.583607,0.751055,0.656827,0.710295,0.866138,305,178,127,6636,59
random_forest,0.210000,0.600683,0.742616,0.664151,0.709106,0.862658,293,176,117,6646,61
random_forest,0.220000,0.615658,0.729958,0.667954,0.703824,0.856994,281,173,108,6655,64
random_forest,0.230000,0.625000,0.717300,0.667976,0.696721,0.851109,272,170,102,6661,67
random_forest,0.240000,0.630597,0.713080,0.669307,0.694901,0.849221,268,169,99,6664,68
random_forest,0.250000,0.632184,0.696203,0.662651,0.682382,0.841004,261,165,96,6667,72
random_forest,0.260000,0.652000,0.687764,0.669405,0.680301,0.837450,250,163,87,6676,74
random_forest,0.270000,0.666667,0.683544,0.675000,0.680101,0.835784,243,162,81,6682,75
random_forest,0.280000,0.677966,0.675105,0.676533,0.675676,0.831934,236,160,76,6687,77
random_forest,0.290000,0.692982,0.666667,0.679570,0.671769,0.828158,228,158,70,6693,79
random_forest,0.300000,0.714286,0.654008,0.682819,0.665236,0.822420,217,155,62,6701,82
random_forest,0.310000,0.732057,0.645570,0.686099,0.661193,0.818645,209,153,56,6707,84
random_forest,0.320000,0.761421,0.632911,0.691244,0.655022,0.812981,197,150,47,6716,87
random_forest,0.330000,0.781915,0.620253,0.691765,0.647007,0.807095,188,147,41,6722,90
random_forest,0.340000,0.782609,0.607595,0.684086,0.636042,0.800840,184,144,40,6723,93
random_forest,0.350000,0.792135,0.594937,0.679518,0.626110,0.794733,178,141,37,6726,96
random_forest,0.360000,0.803468,0.586498,0.678049,0.619982,0.790735,173,139,34,6729,98
random_forest,0.370000,0.821429,0.582278,0.681481,0.618280,0.788921,168,138,30,6733,99
random_forest,0.380000,0.843750,0.569620,0.680101,0.609206,0.782962,160,135,25,6738,102
random_forest,0.390000,0.863946,0.535865,0.661458,0.579909,0.766454,147,127,20,6743,110
random_forest,0.400000,0.866197,0.518987,0.649077,0.564220,0.758089,142,123,19,6744,114
random_forest,0.410000,0.877698,0.514768,0.648936,0.561178,0.756127,139,122,17,6746,115
random_forest,0.420000,0.875000,0.502110,0.638070,0.548893,0.749798,136,119,17,6746,118
random_forest,0.430000,0.899225,0.489451,0.633880,0.538533,0.743765,129,116,13,6750,121
random_forest,0.440000,0.912698,0.485232,0.633609,0.535382,0.741803,126,115,11,6752,122
random_forest,0.450000,0.910569,0.472574,0.622222,0.522876,0.735474,123,112,11,6752,125
random_forest,0.460000,0.916667,0.464135,0.616246,0.514981,0.731328,120,110,10,6753,127
random_forest,0.470000,0.913793,0.447257,0.600567,0.498120,0.722889,116,106,10,6753,131
random_forest,0.480000,0.912281,0.438819,0.592593,0.489642,0.718670,114,104,10,6753,133
random_forest,0.490000,0.915888,0.413502,0.569767,0.464455,0.706086,107,98,9,6754,139
random_forest,0.500000,0.930693,0.396624,0.556213,0.448046,0.697795,101,94,7,6756,143
random_forest,0.510000,0.928571,0.383966,0.543284,0.434990,0.691466,98,91,7,6756,146
random_forest,0.520000,0.937500,0.379747,0.540541,0.431034,0.689430,96,90,6,6757,147
random_forest,0.530000,0.935484,0.367089,0.527273,0.417867,0.683101,93,87,6,6757,150
random_forest,0.540000,0.941176,0.337553,0.496894,0.387222,0.668407,85,80,5,6758,157
random_forest,0.550000,0.940476,0.333333,0.492212,0.382752,0.666297,84,79,5,6758,158
random_forest,0.560000,0.939024,0.324895,0.482759,0.373786,0.662078,82,77,5,6758,160
random_forest,0.570000,0.935065,0.303797,0.458599,0.351220,0.651529,77,72,5,6758,165
random_forest,0.580000,0.942857,0.278481,0.429967,0.324165,0.638945,70,66,4,6759,171
random_forest,0.590000,0.939394,0.261603,0.409241,0.305720,0.630506,66,62,4,6759,175
random_forest,0.600000,0.937500,0.253165,0.398671,0.296443,0.626287,64,60,4,6759,177
random_forest,0.610000,0.949153,0.236287,0.378378,0.278054,0.617922,59,56,3,6760,181
random_forest,0.620000,0.964286,0.227848,0.368601,0.268924,0.613776,56,54,2,6761,183
random_forest,0.630000,1.000000,0.227848,0.371134,0.269461,0.613924,54,54,0,6763,183
random_forest,0.640000,1.000000,0.223629,0.365517,0.264735,0.611814,53,53,0,6763,184
random_forest,0.650000,1.000000,0.210970,0.348432,0.250501,0.605485,50,50,0,6763,187
random_forest,0.660000,1.000000,0.206751,0.342657,0.245737,0.603376,49,49,0,6763,188
random_forest,0.670000,1.000000,0.194093,0.325088,0.231388,0.597046,46,46,0,6763,191
random_forest,0.680000,1.000000,0.168776,0.288809,0.202429,0.584388,40,40,0,6763,197
random_forest,0.690000,1.000000,0.164557,0.282609,0.197568,0.582278,39,39,0,6763,198
random_forest,0.700000,1.000000,0.147679,0.257353,0.178026,0.573840,35,35,0,6763,202
random_forest,0.710000,1.000000,0.143460,0.250923,0.173116,0.571730,34,34,0,6763,203
random_forest,0.720000,1.000000,0.122363,0.218045,0.148414,0.561181,29,29,0,6763,208
random_forest,0.730000,1.000000,0.118143,0.211321,0.143443,0.559072,28,28,0,6763,209
random_forest,0.740000,1.000000,0.101266,0.183908,0.123457,0.550633,24,24,0,6763,213
random_forest,0.750000,1.000000,0.080169,0.148438,0.098242,0.540084,19,19,0,6763,218
random_forest,0.760000,1.000000,0.075949,0.141176,0.093168,0.537975,18,18,0,6763,219
random_forest,0.770000,1.000000,0.075949,0.141176,0.093168,0.537975,18,18,0,6763,219
random_forest,0.780000,1.000000,0.063291,0.119048,0.077882,0.531646,15,15,0,6763,222
random_forest,0.790000,1.000000,0.046414,0.088710,0.057351,0.523207,11,11,0,6763,226
random_forest,0.800000,1.000000,0.042194,0.080972,0.052192,0.521097,10,10,0,6763,227
random_forest,0.810000,1.000000,0.029536,0.057377,0.036649,0.514768,7,7,0,6763,230
random_forest,0.820000,1.000000,0.025316,0.049383,0.031447,0.512658,6,6,0,6763,231
random_forest,0.830000,1.000000,0.025316,0.049383,0.031447,0.512658,6,6,0,6763,231
random_forest,0.840000,1.000000,0.021097,0.041322,0.026233,0.510549,5,5,0,6763,232
random_forest,0.850000,1.000000,0.021097,0.041322,0.026233,0.510549,5,5,0,6763,232
random_forest,0.860000,1.000000,0.021097,0.041322,0.026233,0.510549,5,5,0,6763,232
random_forest,0.870000,1.000000,0.012658,0.025000,0.015773,0.506329,3,3,0,6763,234
random_forest,0.880000,1.000000,0.008439,0.016736,0.010526,0.504219,2,2,0,6763,235
random_forest,0.890000,1.000000,0.004219,0.008403,0.005269,0.502110,1,1,0,6763,236
random_forest,0.900000,1.000000,0.004219,0.008403,0.005269,0.502110,1,1,0,6763,236
random_forest,0.910000,0.000000,0.000000,0.000000,0.000000,0.500000,0,0,0,6763,237
random_forest,0.920000,0.000000,0.000000,0.000000,0.000000,0.500000,0,0,0,6763,237
random_forest,0.930000,0.000000,0.000000,0.000000,0.000000,0.500000,0,0,0,6763,237
random_forest,0.940000,0.000000,0.000000,0.000000,0.000000,0.500000,0,0,0,6763,237
random_forest,0.950000,0.000000,0.000000,0.000000,0.000000,0.500000,0,0,0,6763,237
random_forest,0.960000,0.000000,0.000000,0.000000,0.000000,0.500000,0,0,0,6763,237
random_forest,0.970000,0.000000,0.000000,0.000000,0.000000,0.500000,0,0,0,6763,237
random_forest,0.980000,0.000000,0.000000,0.000000,0.000000,0.500000,0,0,0,6763,237
random_forest,0.990000,0.000000,0.000000,0.000000,0.000000,0.500000,0,0,0,6763,237
standard_logistic,0.010000,0.078466,0.940928,0.144852,0.294195,0.776837,2842,223,2619,4144,14
standard_logistic,0.020000,0.105236,0.848101,0.187238,0.351645,0.797701,1910,201,1709,5054,36
standard_logistic,0.030000,0.128065,0.793249,0.220528,0.389073,0.801992,1468,188,1280,5483,49
standard_logistic,0.040000,0.152485,0.763713,0.254213,0.423888,0.807481,1187,181,1006,5757,56
standard_logistic,0.050000,0.172211,0.742616,0.279587,0.446701,0.808762,1022,176,846,5917,61
standard_logistic,0.060000,0.193103,0.708861,0.303523,0.462046,0.802530,870,168,702,6061,69
standard_logistic,0.070000,0.207792,0.675105,0.317776,0.465658,0.792454,770,160,610,6153,77
standard_logistic,0.080000,0.225619,0.654008,0.335498,0.474006,0.787673,687,155,532,6231,82
standard_logistic,0.090000,0.251223,0.649789,0.362353,0.493274,0.790960,613,154,459,6304,83
standard_logistic,0.100000,0.277574,0.637131,0.386684,0.506032,0.789510,544,151,393,6370,86
standard_logistic,0.110000,0.301426,0.624473,0.406593,0.514246,0.786878,491,148,343,6420,89
standard_logistic,0.120000,0.318083,0.616034,0.419540,0.518834,0.784876,459,146,313,6450,91
standard_logistic,0.130000,0.336471,0.603376,0.432024,0.520757,0.780839,425,143,282,6481,94
standard_logistic,0.140000,0.365729,0.603376,0.455414,0.533981,0.783353,391,143,248,6515,94
standard_logistic,0.150000,0.385475,0.582278,0.463866,0.528331,0.774874,358,138,220,6543,99
standard_logistic,0.160000,0.406627,0.569620,0.474517,0.527344,0.770246,332,135,197,6566,102
standard_logistic,0.170000,0.427184,0.556962,0.483516,0.525060,0.765395,309,132,177,6586,105
standard_logistic,0.180000,0.442509,0.535865,0.484733,0.514170,0.756103,287,127,160,6603,110
standard_logistic,0.190000,0.457875,0.527426,0.490196,0.511876,0.752771,273,125,148,6615,112
standard_logistic,0.200000,0.467681,0.518987,0.492000,0.507845,0.749143,263,123,140,6623,114
standard_logistic,0.210000,0.473469,0.489451,0.481328,0.486169,0.735189,245,116,129,6634,121
standard_logistic,0.220000,0.489362,0.485232,0.487288,0.486052,0.733744,235,115,120,6643,122
standard_logistic,0.230000,0.495536,0.468354,0.481562,0.473549,0.725823,224,111,113,6650,126
standard_logistic,0.240000,0.511962,0.451477,0.479821,0.462403,0.718197,209,107,102,6661,130
standard_logistic,0.250000,0.507692,0.417722,0.458333,0.433071,0.701763,195,99,96,6667,138
standard_logistic,0.260000,0.518519,0.413502,0.460094,0.430959,0.700023,189,98,91,6672,139
standard_logistic,0.270000,0.535912,0.409283,0.464115,0.429584,0.698431,181,97,84,6679,140
standard_logistic,0.280000,0.554913,0.405063,0.468293,0.428189,0.696839,173,96,77,6686,141
standard_logistic,0.290000,0.570552,0.392405,0.465000,0.418542,0.691027,163,93,70,6693,144
standard_logistic,0.300000,0.577922,0.375527,0.455243,0.403811,0.682958,154,89,65,6698,148
standard_logistic,0.310000,0.585034,0.362869,0.447917,0.392694,0.676925,147,86,61,6702,151
standard_logistic,0.320000,0.598592,0.358650,0.448549,0.389908,0.675111,142,85,57,6706,152
standard_logistic,0.330000,0.617647,0.354430,0.450402,0.387454,0.673371,136,84,52,6711,153
standard_logistic,0.340000,0.614173,0.329114,0.428571,0.362791,0.660934,127,78,49,6714,159
standard_logistic,0.350000,0.616000,0.324895,0.425414,0.358807,0.658899,125,77,48,6715,160
standard_logistic,0.360000,0.614754,0.316456,0.417827,0.350467,0.654753,122,75,47,6716,162
standard_logistic,0.370000,0.623932,0.308017,0.412429,0.342723,0.650755,117,73,44,6719,164
standard_logistic,0.380000,0.648649,0.303797,0.413793,0.339943,0.649015,111,72,39,6724,165
standard_logistic,0.390000,0.654206,0.295359,0.406977,0.331754,0.644944,107,70,37,6726,167
standard_logistic,0.400000,0.673077,0.295359,0.410557,0.332700,0.645166,104,70,34,6729,167
standard_logistic,0.410000,0.680000,0.286920,0.403561,0.324427,0.641094,100,68,32,6731,169
standard_logistic,0.420000,0.680851,0.270042,0.386707,0.307102,0.632803,94,64,30,6733,173
standard_logistic,0.430000,0.693182,0.257384,0.375385,0.294402,0.626696,88,61,27,6736,176
standard_logistic,0.440000,0.686047,0.248945,0.365325,0.285300,0.622476,86,59,27,6736,178
standard_logistic,0.450000,0.686747,0.240506,0.356250,0.276431,0.618331,83,57,26,6737,180
standard_logistic,0.460000,0.682927,0.236287,0.351097,0.271845,0.616221,82,56,26,6737,181
standard_logistic,0.470000,0.714286,0.232068,0.350318,0.268293,0.614407,77,55,22,6741,182
standard_logistic,0.480000,0.726027,0.223629,0.341935,0.259549,0.610336,73,53,20,6743,184
standard_logistic,0.490000,0.724638,0.210970,0.326797,0.245821,0.604081,69,50,19,6744,187
standard_logistic,0.500000,0.742424,0.206751,0.323432,0.241617,0.602119,66,49,17,6746,188
standard_logistic,0.510000,0.746032,0.198312,0.313333,0.232443,0.597973,63,47,16,6747,190
standard_logistic,0.520000,0.793103,0.194093,0.311864,0.228628,0.596159,58,46,12,6751,191
standard_logistic,0.530000,0.821429,0.194093,0.313993,0.229084,0.596307,56,46,10,6753,191
standard_logistic,0.540000,0.826923,0.181435,0.297578,0.215000,0.590052,52,43,9,6754,194
standard_logistic,0.550000,0.843137,0.181435,0.298611,0.215215,0.590126,51,43,8,6755,194
standard_logistic,0.560000,0.843137,0.181435,0.298611,0.215215,0.590126,51,43,8,6755,194
standard_logistic,0.570000,0.840000,0.177215,0.292683,0.210421,0.588016,50,42,8,6755,195
standard_logistic,0.580000,0.840000,0.177215,0.292683,0.210421,0.588016,50,42,8,6755,195
standard_logistic,0.590000,0.836735,0.172996,0.286713,0.205617,0.585906,49,41,8,6755,196
standard_logistic,0.600000,0.836735,0.172996,0.286713,0.205617,0.585906,49,41,8,6755,196
standard_logistic,0.610000,0.833333,0.168776,0.280702,0.200803,0.583797,48,40,8,6755,197
standard_logistic,0.620000,0.851064,0.168776,0.281690,0.201005,0.583871,47,40,7,6756,197
standard_logistic,0.630000,0.851064,0.168776,0.281690,0.201005,0.583871,47,40,7,6756,197
standard_logistic,0.640000,0.866667,0.164557,0.276596,0.196375,0.581835,45,39,6,6757,198
standard_logistic,0.650000,0.866667,0.164557,0.276596,0.196375,0.581835,45,39,6,6757,198
standard_logistic,0.660000,0.880952,0.156118,0.265233,0.186869,0.577689,42,37,5,6758,200
standard_logistic,0.670000,0.902439,0.156118,0.266187,0.187058,0.577763,41,37,4,6759,200
standard_logistic,0.680000,0.918919,0.143460,0.248175,0.172589,0.571508,37,34,3,6760,203
standard_logistic,0.690000,0.916667,0.139241,0.241758,0.167683,0.569398,36,33,3,6760,204
standard_logistic,0.700000,0.941176,0.135021,0.236162,0.162933,0.567363,34,32,2,6761,205
standard_logistic,0.710000,0.941176,0.135021,0.236162,0.162933,0.567363,34,32,2,6761,205
standard_logistic,0.720000,0.935484,0.122363,0.216418,0.148110,0.561034,31,29,2,6761,208
standard_logistic,0.730000,0.933333,0.118143,0.209738,0.143149,0.558924,30,28,2,6761,209
standard_logistic,0.740000,0.928571,0.109705,0.196226,0.133197,0.554704,28,26,2,6761,211
standard_logistic,0.750000,0.925926,0.105485,0.189394,0.128205,0.552595,27,25,2,6761,212
standard_logistic,0.760000,0.923077,0.101266,0.182510,0.123203,0.550485,26,24,2,6761,213
standard_logistic,0.770000,0.920000,0.097046,0.175573,0.118191,0.548375,25,23,2,6761,214
standard_logistic,0.780000,0.920000,0.097046,0.175573,0.118191,0.548375,25,23,2,6761,214
standard_logistic,0.790000,0.904762,0.080169,0.147287,0.098039,0.539937,21,19,2,6761,218
standard_logistic,0.800000,0.894737,0.071730,0.132812,0.087901,0.535717,19,17,2,6761,220
standard_logistic,0.810000,0.941176,0.067511,0.125984,0.082902,0.533681,17,16,1,6762,221
standard_logistic,0.820000,0.933333,0.059072,0.111111,0.072690,0.529462,15,14,1,6762,223
standard_logistic,0.830000,0.923077,0.050633,0.096000,0.062435,0.525243,13,12,1,6762,225
standard_logistic,0.840000,0.923077,0.050633,0.096000,0.062435,0.525243,13,12,1,6762,225
standard_logistic,0.850000,0.916667,0.046414,0.088353,0.057292,0.523133,12,11,1,6762,226
standard_logistic,0.860000,0.909091,0.042194,0.080645,0.052138,0.521023,11,10,1,6762,227
standard_logistic,0.870000,0.909091,0.042194,0.080645,0.052138,0.521023,11,10,1,6762,227
standard_logistic,0.880000,0.888889,0.033755,0.065041,0.041797,0.516804,9,8,1,6762,229
standard_logistic,0.890000,0.875000,0.029536,0.057143,0.036611,0.514694,8,7,1,6762,230
standard_logistic,0.900000,0.857143,0.025316,0.049180,0.031414,0.512584,7,6,1,6762,231
standard_logistic,0.910000,0.833333,0.021097,0.041152,0.026205,0.510475,6,5,1,6762,232
standard_logistic,0.920000,0.833333,0.021097,0.041152,0.026205,0.510475,6,5,1,6762,232
standard_logistic,0.930000,1.000000,0.012658,0.025000,0.015773,0.506329,3,3,0,6763,234
standard_logistic,0.940000,1.000000,0.008439,0.016736,0.010526,0.504219,2,2,0,6763,235
standard_logistic,0.950000,1.000000,0.004219,0.008403,0.005269,0.502110,1,1,0,6763,236
standard_logistic,0.960000,0.000000,0.000000,0.000000,0.000000,0.500000,0,0,0,6763,237
standard_logistic,0.970000,0.000000,0.000000,0.000000,0.000000,0.500000,0,0,0,6763,237
standard_logistic,0.980000,0.000000,0.000000,0.000000,0.000000,0.500000,0,0,0,6763,237
standard_logistic,0.990000,0.000000,0.000000,0.000000,0.000000,0.500000,0,0,0,6763,237
xgboost,0.010000,0.114496,0.983122,0.205106,0.390546,0.858336,2035,233,1802,4961,4
xgboost,0.020000,0.152362,0.966245,0.263218,0.467156,0.888933,1503,229,1274,5489,8
xgboost,0.030000,0.180445,0.957806,0.303679,0.514506,0.902679,1258,227,1031,5732,10
xgboost,0.040000,0.197725,0.953586,0.327536,0.540411,0.908998,1143,226,917,5846,11
xgboost,0.050000,0.211921,0.945148,0.346213,0.558603,0.910989,1057,224,833,5930,13
xgboost,0.060000,0.221665,0.932489,0.358185,0.568123,0.908874,997,221,776,5987,16
xgboost,0.070000,0.230850,0.928270,0.369748,0.578643,0.909943,953,220,733,6030,17
xgboost,0.080000,0.240964,0.928270,0.382609,0.591080,0.912900,913,220,693,6070,17
xgboost,0.090000,0.248853,0.915612,0.391344,0.596154,0.909381,872,217,655,6108,20
xgboost,0.100000,0.253538,0.907173,0.396313,0.598552,0.906788,848,215,633,6130,22
xgboost,0.110000,0.263547,0.902954,0.408008,0.607955,0.907266,812,214,598,6165,23
xgboost,0.120000,0.271574,0.902954,0.417561,0.616359,0.909040,788,214,574,6189,23
xgboost,0.130000,0.282695,0.902954,0.430584,0.627566,0.911332,757,214,543,6220,23
xgboost,0.140000,0.291156,0.902954,0.440329,0.635769,0.912958,735,214,521,6242,23
xgboost,0.150000,0.295676,0.894515,0.444444,0.636637,0.909922,717,212,505,6258,25
xgboost,0.160000,0.300570,0.890295,0.449414,0.639394,0.908847,702,211,491,6272,26
xgboost,0.170000,0.308370,0.886076,0.457516,0.644567,0.908216,681,210,471,6292,27
xgboost,0.180000,0.317221,0.886076,0.467186,0.652174,0.909621,662,210,452,6311,27
xgboost,0.190000,0.324074,0.886076,0.474576,0.657895,0.910656,648,210,438,6325,27
xgboost,0.200000,0.330696,0.881857,0.481013,0.661392,0.909655,632,209,423,6340,28
xgboost,0.210000,0.332263,0.873418,0.481395,0.658816,0.905953,623,207,416,6347,30
xgboost,0.220000,0.339901,0.873418,0.489362,0.664740,0.906988,609,207,402,6361,30
xgboost,0.230000,0.345638,0.869198,0.494598,0.667098,0.905766,596,206,390,6373,31
xgboost,0.240000,0.353345,0.869198,0.502439,0.672763,0.906727,583,206,377,6386,31
xgboost,0.250000,0.359511,0.869198,0.508642,0.677186,0.907466,573,206,367,6396,31
xgboost,0.260000,0.364602,0.869198,0.513716,0.680767,0.908058,565,206,359,6404,31
xgboost,0.270000,0.370705,0.864979,0.518987,0.682878,0.906761,553,205,348,6415,32
xgboost,0.280000,0.375458,0.864979,0.523627,0.686078,0.907279,546,205,341,6422,32
xgboost,0.290000,0.377532,0.864979,0.525641,0.687458,0.907501,543,205,338,6425,32
xgboost,0.300000,0.384906,0.860759,0.531943,0.690122,0.906278,530,204,326,6437,33
xgboost,0.310000,0.389635,0.856540,0.535620,0.690946,0.904760,521,203,318,6445,34
xgboost,0.320000,0.392927,0.843882,0.536193,0.686342,0.899096,509,200,309,6454,37
xgboost,0.330000,0.400802,0.843882,0.543478,0.691085,0.899835,499,200,299,6464,37
xgboost,0.340000,0.408624,0.839662,0.549724,0.693380,0.898539,487,199,288,6475,38
xgboost,0.350000,0.414226,0.835443,0.553846,0.694250,0.897021,478,198,280,6483,39
xgboost,0.360000,0.424242,0.827004,0.560801,0.695035,0.893836,462,196,266,6497,41
xgboost,0.370000,0.431416,0.822785,0.566038,0.696429,0.892392,452,195,257,6506,42
xgboost,0.380000,0.435666,0.814346,0.567647,0.693746,0.888690,443,193,250,6513,44
xgboost,0.390000,0.442661,0.814346,0.573551,0.697254,0.889208,436,193,243,6520,44
xgboost,0.400000,0.449883,0.814346,0.579580,0.700799,0.889725,429,193,236,6527,44
xgboost,0.410000,0.456057,0.810127,0.583587,0.701242,0.888133,421,192,229,6534,45
xgboost,0.420000,0.466993,0.805907,0.591331,0.703758,0.886836,409,191,218,6545,46
xgboost,0.430000,0.473945,0.805907,0.596875,0.706884,0.887280,403,191,212,6551,46
xgboost,0.440000,0.483544,0.805907,0.604430,0.711095,0.887872,395,191,204,6559,46
xgboost,0.450000,0.494819,0.805907,0.613162,0.715892,0.888537,386,191,195,6568,46
xgboost,0.460000,0.496084,0.801688,0.612903,0.713749,0.886575,383,190,193,6570,47
xgboost,0.470000,0.500000,0.797468,0.614634,0.712670,0.884761,378,189,189,6574,48
xgboost,0.480000,0.509485,0.793249,0.620462,0.713743,0.883243,369,188,181,6582,49
xgboost,0.490000,0.519444,0.789030,0.626466,0.714832,0.881725,360,187,173,6590,50
xgboost,0.500000,0.525424,0.784810,0.629442,0.714286,0.879985,354,186,168,6595,51
xgboost,0.510000,0.533141,0.780591,0.633562,0.714286,0.878318,347,185,162,6601,52
xgboost,0.520000,0.541176,0.776371,0.637782,0.714286,0.876652,340,184,156,6607,53
xgboost,0.530000,0.546269,0.772152,0.639860,0.713172,0.874838,335,183,152,6611,54
xgboost,0.540000,0.563077,0.772152,0.651246,0.718775,0.875578,325,183,142,6621,54
xgboost,0.550000,0.566563,0.772152,0.653571,0.719906,0.875726,323,183,140,6623,54
xgboost,0.560000,0.570533,0.767932,0.654676,0.718232,0.873838,319,182,137,6626,55
xgboost,0.570000,0.577778,0.767932,0.659420,0.720507,0.874133,315,182,133,6630,55
xgboost,0.580000,0.581470,0.767932,0.661818,0.721649,0.874281,313,182,131,6632,55
xgboost,0.590000,0.590909,0.767932,0.667890,0.724522,0.874651,308,182,126,6637,55
xgboost,0.600000,0.597360,0.763713,0.670370,0.723421,0.872837,303,181,122,6641,56
xgboost,0.610000,0.599338,0.763713,0.671614,0.724000,0.872911,302,181,121,6642,56
xgboost,0.620000,0.606780,0.755274,0.672932,0.720032,0.869061,295,179,116,6647,58
xgboost,0.630000,0.621528,0.755274,0.681905,0.724110,0.869579,288,179,109,6654,58
xgboost,0.640000,0.628070,0.755274,0.685824,0.725872,0.869800,285,179,106,6657,58
xgboost,0.650000,0.630282,0.755274,0.687140,0.726461,0.869874,284,179,105,6658,58
xgboost,0.660000,0.633452,0.751055,0.687259,0.724166,0.867912,281,178,103,6660,59
xgboost,0.670000,0.644928,0.751055,0.693957,0.727124,0.868282,276,178,98,6665,59
xgboost,0.680000,0.650735,0.746835,0.695481,0.725410,0.866394,272,177,95,6668,60
xgboost,0.690000,0.664151,0.742616,0.701195,0.725474,0.864728,265,176,89,6674,61
xgboost,0.700000,0.661597,0.734177,0.696000,0.718415,0.860509,263,174,89,6674,63
xgboost,0.710000,0.673152,0.729958,0.700405,0.717842,0.858769,257,173,84,6679,64
xgboost,0.720000,0.675889,0.721519,0.697959,0.711907,0.854697,253,171,82,6681,66
xgboost,0.730000,0.684000,0.721519,0.702259,0.713689,0.854919,250,171,79,6684,66
xgboost,0.740000,0.689796,0.713080,0.701245,0.708298,0.850921,245,169,76,6687,68
xgboost,0.750000,0.698347,0.713080,0.705637,0.710084,0.851143,242,169,73,6690,68
xgboost,0.760000,0.704641,0.704641,0.704641,0.704641,0.847145,237,167,70,6693,70
xgboost,0.770000,0.712446,0.700422,0.706383,0.702794,0.845258,233,166,67,6696,71
xgboost,0.780000,0.718615,0.700422,0.709402,0.703986,0.845405,231,166,65,6698,71
xgboost,0.790000,0.734513,0.700422,0.717063,0.706985,0.845775,226,166,60,6703,71
xgboost,0.800000,0.741071,0.700422,0.720174,0.708191,0.845923,224,166,58,6705,71
xgboost,0.810000,0.752294,0.691983,0.720879,0.703259,0.841999,218,164,54,6709,73
xgboost,0.820000,0.758294,0.675105,0.714286,0.690250,0.833782,211,160,51,6712,77
xgboost,0.830000,0.760976,0.658228,0.705882,0.676496,0.825491,205,156,49,6714,81
xgboost,0.840000,0.775000,0.654008,0.709382,0.675087,0.823677,200,155,45,6718,82
xgboost,0.850000,0.791667,0.641350,0.708625,0.666667,0.817718,192,152,40,6723,85
xgboost,0.860000,0.810811,0.632911,0.710900,0.661959,0.813868,185,150,35,6728,87
xgboost,0.870000,0.813187,0.624473,0.706444,0.654867,0.809723,182,148,34,6729,89
xgboost,0.880000,0.816568,0.582278,0.679803,0.617726,0.788847,169,138,31,6732,99
xgboost,0.890000,0.817073,0.565401,0.668329,0.602518,0.780482,164,134,30,6733,103
xgboost,0.900000,0.825000,0.556962,0.664987,0.595668,0.776411,160,132,28,6735,105
xgboost,0.910000,0.826923,0.544304,0.656489,0.584239,0.770156,156,129,27,6736,108
xgboost,0.920000,0.833333,0.527426,0.645995,0.569217,0.761865,150,125,25,6738,112
xgboost,0.930000,0.835616,0.514768,0.637076,0.557587,0.755610,146,122,24,6739,115
xgboost,0.940000,0.867647,0.497890,0.632708,0.544280,0.747614,136,118,18,6745,119
xgboost,0.950000,0.909091,0.464135,0.614525,0.514500,0.731254,121,110,11,6752,127
xgboost,0.960000,0.926606,0.426160,0.583815,0.477767,0.712489,109,101,8,6755,136
xgboost,0.970000,0.931818,0.345992,0.504615,0.395753,0.672552,88,82,6,6757,155
xgboost,0.980000,0.925373,0.261603,0.407895,0.305419,0.630432,67,62,5,6758,175
xgboost,0.990000,0.969697,0.135021,0.237037,0.163099,0.567437,33,32,1,6762,205
